"Title,Company,Location,URL,Summary,Skills"
"Reporting & Data Analyst,NRG Energy,""Philadelphia, PA"",https://www.linkedin.com/jobs/view/reporting-data-analyst-at-nrg-energy-4266460728,""As an NRG employee, we encourage you to take charge of your career and development journey. We invite you to explore exciting opportunities across our businesses. You’ll find that our dynamic work environment provides variety and challenge. Your growth is key to our ongoing success—take the lead in shaping your career development, goals and future!Job SummaryNRG Home East Region is seeking an energetic and ambitious individual to support our Offer Pricing and Revenue Management team. The ideal candidate will have strong analytical skills with the ability to execute several different duties while maintaining the same commitment to quality and detail. This position will provide support primarily in terms of reporting, data analysis, and research but candidate should be prepared to expand their duties to meet shifting priorities within the organization.Essential Duties/ResponsibilitiesIndependently prepare monthly, weekly, and ad hoc reports as necessary including key business metrics reports, performance reports, and dashboards with consistency and accuracy.Perform analysis of data and form conclusions/recommendations based on findings.Research ad hoc requests.Perform other duties as assigned.Working Conditions100% Remote – must be Eastern or Central time zone.Some overtime required as special projects arise.Minimal travel.Minimum RequirementsBS in Accounting, Finance, Economics or Business related field.High proficiency with Microsoft Office applications, with advanced knowledge in Excel.Demonstrates a commitment to quality and strong attention to detail.Exhibits strong analytical, reasoning, and problem-solving skills.Highly organized with strong oral and written communication skills.Preferred QualificationsExperience with SQL highly preferred.Experience in energy-related field a plus but not necessary.Additional Knowledge, Skills And AbilitiesComfortable with ambiguity; ability to work with incomplete data or on seemingly open-ended questions and translate into act"",""['sql', 'excel']"""
"Finance & Data Analyst,AXA XL,""Philadelphia, PA"",https://www.linkedin.com/jobs/view/finance-data-analyst-at-axa-xl-4280415252,""Finance & Data Analyst - WorkplaceAs the Finance & Data Analyst for our Americas Workplace team, you will be responsible for providing financial insights, reporting, modeling, and data analysis to guide decision -making related to real estate, facilities operations, capital projects, and workplace experience initiatives for our 28 locations across the Americas. Reporting into the Workplace Strategy Lead, the ideal candidate will combine financial acumen with a strategic mindset to help analyze data points, make insights easy to understand, and recommend ways to optimize space, spend and service delivery across workplace portfolio.What You’ll Be DOINGWhat will your essential responsibilities include?Support budgeting, forecasting and long-range planning for workplace operations, capital projects, leases and vendor contracts.Build and maintain financial models to assess real estate strategies, space utilization, sustainability investments and operational efficiency. Provide analysis of actuals vs budget and identify cost-saving opportunities across workplace spend. Complete quarterly accruals. Partner with the Workplace, Finance, and Procurement teams to evaluate lease finances, business cases, ROI and performance metrics for workplace purchasing and initiatives. Develop reporting dashboards and presentations on KPIs to communicate insights to senior leadership.Perform regular reporting on sustainability metrics and targets as required. Manage lease accounting and rent processing for all leased Americas locations. Familiarity with IFRS 16 is a plus!Support workplace procurement processes, vendor contract analysis and spend reviews. Identify and execute opportunities for vendor consolidation and volume discounting across the Americas portfolio. Contribute to strategic planning for office footprint and workplace experience programming and improvements. What You Will BRINGWe’re looking for someone who has these abilities and skills:Required Skills And AbilitiesBachelor’s"",[]"
"Data Analyst,AXIS Management Group,""Philadelphia, PA"",https://www.linkedin.com/jobs/view/data-analyst-at-axis-management-group-4248205862,""Position DescriptionDetail-oriented Data Analyst to support federal government client by analyzing and interpreting complex datasets that drive decision-making and improve operational efficiency within an acquisitions/procurement environment in the Philadelphia area. The position requires to develop, analyze, evaluate, and recommend actions that improve the efficiency of internal administrative and operational performance metrics. Must have strong analytical skills, experience working with government data, and the ability to translate findings into actionable documents/directives. Plan, analyze and evaluate the effectiveness of client’s programs using available metrics, and using Microsoft Power BI or other data visualization tools, automate existing reports that currently involve manual inputs.Required SkillsExperience in data analysis, preferably working on federal government projectsProficiency in use and troubleshooting of data analytics tools and applicationsExperience working with databases and data visualization tools such as Power BI or TableauStrong problem-solving skills and attention to detailAbility to communicate complex data findings to technical and non-technical stakeholdersDesired SkillsExperience with federal government contracting and procurementKnowledge of compliance and security standards for handling government dataAdvanced data modeling and forecasting skillsRegulatory and compliance knowledge, including data governance and privacy Familiarity with laws that govern data management in the federal governmentCybersecurity and risk assessment, which includes understanding of data security measures, encryption, and access controlsUse data-driven insights to support policy development and operational efficiencyAbility to collaborate with agency officials, public policy teams, and external partnersTranslating complex data findings into actionable recommendations for decision-makersJob DutiesEvaluate working effectiveness and suitability of client’s "",['power bi']"
"Data Analyst, Enterprise,PENN Interactive,""Philadelphia, PA"",https://www.linkedin.com/jobs/view/data-analyst-enterprise-at-penn-interactive-4271769619,""PENN Entertainment, Inc. is North America’s leading provider of integrated entertainment, sports content, and casino gaming experiences. From casinos and racetracks to online gaming, sports betting and entertainment content, we deliver the experiences people want, how and where they want them.We’re always on the lookout for those who are passionate about creating and delivering cutting-edge online gaming and sports media products. Whether it’s through ESPN BET, Hollywood Casino, theScore Bet Sportsbook & Casino, or theScore media app, we’re excited to push the boundaries of what’s possible. These state-of-the-art platforms are powered by proprietary in-house technology, a key component of PENN’s omnichannel gaming and entertainment strategy.When you join PENN Entertainment’s digital team, you’ll not only work on these cutting-edge platforms through theScore and PENN Interactive, but you’ll also be part of a company that truly cares about your career growth. We’re committed to supporting you as you expand your skills and explore new opportunities.With locations throughout North America, you can build a future at PENN Entertainment wherever you are. If you want to challenge conventions in gaming, media and entertainment, we want to talk to you.About The Role & TeamOn the Data Intelligence team at theScore, our mission is to develop high-quality and sustainable data-driven solutions to improve profitability, growth and the user experience. As a Data Analyst, you’ll work with all the key stakeholder groups to help them leverage data to track performance, make better decisions and ultimately reach their goals. The ideal candidate has strong communications skills, a passion for data, a background in quantitative analysis and an interest in professional sports, betting & eSports.About The WorkAs a key member of our Analytics team you will:Build dashboards & develop backend capabilities of our Data Exploration tools (Mode, Looker, dbtCloud) Foster adoption of our data explo"",['looker']"
"Commercial Analytics,Genpact,""Philadelphia, PA"",https://www.linkedin.com/jobs/view/commercial-analytics-at-genpact-4278647857,""Ready to shape the future of work?At Genpact, we don’t just adapt to change—we drive it. AI and digital innovation are redefining industries, and we’re leading the charge. Genpact’s AI Gigafactory, our industry-first accelerator, is an example of how we’re scaling advanced technology solutions to help global enterprises work smarter, grow faster, and transform at scale. From large-scale models to agentic AI, our breakthrough solutions tackle companies’ most complex challenges.If you thrive in a fast-moving, tech-driven environment, love solving real-world problems, and want to be part of a team that’s shaping the future, this is your moment.Genpact (NYSE: G) is an advanced technology services and solutions company that delivers lasting value for leading enterprises globally. Through our deep business knowledge, operational excellence, and cutting-edge solutions – we help companies across industries get ahead and stay ahead. Powered by curiosity, courage, and innovation, our teams implement data, technology, and AI to create tomorrow, today. Get to know us at genpact.com and on LinkedIn, X, YouTube, and Facebook.Title: Commercial Analytics (No OPT)Location: Philadelphia, PA / Raleigh, NC [Hybrid]Duration: Fulltime/PermanentStrong experience on any Analytics, Commercial Analytics, Campaign Analytics, marketing mix modeling or Marketing Analytics.Data science: Predictive modeling, statistical modelingPharma datasets: IQVIA (Xponent, DDD, LAAD), Symphony, APLDProgramming: Python/ SQLIndustry: Pharmaceutical domain is mandatoryWhy join Genpact?Be a transformation leader – Work at the cutting edge of AI, automation, and digital innovationMake an impact – Drive change for global enterprises and solve business challenges that matterAccelerate your career – Get hands-on experience, mentorship, and continuous learning opportunitiesWork with the best – Join 140,000+ bold thinkers and problem-solvers who push boundaries every dayThrive in a values-driven culture – Our courage, "",['python']"
"Business Systems Analyst with (SQL, DWH ETL & Healthcare),Capgemini,""Philadelphia, PA"",https://www.linkedin.com/jobs/view/business-systems-analyst-with-sql-dwh-etl-healthcare-at-capgemini-4266559199,""Position Title : Business Systems Analyst with (SQL, DWH ETL & Healthcare) Location : Philadelphia, PA (Onsite) Experience : 8+ Years Preferred Employee Type : Full Time with Benefits Job Description:We are looking for a highly experienced and hands-on Business Systems Analyst to join our Data Warehouse team. This role is ideal for professionals who work extensively with complex SQL queries on a daily basis, have a deep understanding of data warehousing concepts, and are comfortable working closely with business stakeholders to gather and document requirements. The ideal candidate will be a proactive problem-solver with strong analytical skills and a passion for data. Key Responsibilities:Collaborate daily with business stakeholders to gather and document Business Requirements Documents (BRDs) and Functional Requirements Documents (FRDs).Develop detailed Source-to-Target Mapping Documents to support ETL development and data integration.Write, optimize, and review complex SQL queries across multiple tables for data analysis, validation, and profiling.Perform data profiling and data quality analysis to support accurate and efficient data transformation.Work closely with data modelers to design and validate data warehouse schemas and structures.Adapt quickly to evolving business needs and integrate changes into ongoing workstreams.Lead and influence the adoption of best practices, standards, and strategies within the team.Manage and prioritize a diverse portfolio of cross-functional projects in a dynamic environment.Stay informed on industry trends, especially in data warehousing and healthcare, and apply relevant insights. Required Skills and Qualifications:5–10 years of experience in business systems analysis within a data warehousing environment.Proven experience in creating BRDs, FRDs, and Data Mapping Documents.Advanced SQL skills – must be comfortable writing and optimizing complex queries daily.Strong understanding of ETL processes and data warehouse architectur"",""['sql', 'etl', 'data warehouse']"""
"Data Insight & Reporting Analyst,Independence Blue Cross,""Philadelphia, PA"",https://www.linkedin.com/jobs/view/data-insight-reporting-analyst-at-independence-blue-cross-4243130233,""Our organization is looking for dynamic individuals who love to learn, thrive on innovation, and are open to exploring new ways to achieve our goals. If this describes you, we want to speak with you. You can help us achieve our vision to lead nationally in innovating equitable whole-person health.The Data Insight & Reporting Analyst consults with cross-functional teams to identify data and analytical needs, gather the necessary data, conduct detailed analyses, review actionable insights/findings with leadership to assist in their decision making, and facilitate related process/data improvement efforts.This position is within the Operations Reporting & Analytics team and supports operational improvement initiatives.ResponsibilitiesDerive insights from data analysis, conduct root-cause analysis of operational issues identified by the data, and provide recommendations to remediate operational issuesTransform raw data and analysis into data visualizations and interactive dashboards using dashboard toolsDrive understanding of our members and their claims through analysis of their benefit utilization, member expenses, and denials. Answer complex business questions via SQL queries to enable business owners to make critical decisions.Investigate to identify problematic trends that may impact member experience and operational metrics negativelyQualificationsBachelor’s Degree (e.g., Statistics, Engineering, or Economics)2+ years of experience in Data AnalyticsManage, transform, and analyze data using SQLPrefer candidate has experience with data visualization tools, such as Power BI and TableauComfortable with ambiguity with the ability to challenge traditional thinking to solve problemsAbility to translate business language into technical requirementsAbility to clean, wrangle, and transform large, complex data sources, using fit-for-purpose data analysis techniques to generate robust insightsStrong Microsoft Office skills: ExcelHybridIndependence has implemented a “Hybrid” mo"",""['sql', 'power bi', 'statistics']"""
"Data Analyst - OpenData,Veeva Systems,""Philadelphia, PA"",https://www.linkedin.com/jobs/view/data-analyst-opendata-at-veeva-systems-4247758334,""Veeva Systems is a mission-driven organization and pioneer in industry cloud, helping life sciences companies bring therapies to patients faster. As one of the fastest-growing SaaS companies in history, we surpassed $2B in revenue in our last fiscal year with extensive growth potential ahead.At the heart of Veeva are our values: Do the Right Thing, Customer Success, Employee Success, and Speed. We're not just any public company – we made history in 2021 by becoming a public benefit corporation (PBC), legally bound to balancing the interests of customers, employees, society, and investors.As a Work Anywhere company, we support your flexibility to work from home or in the office, so you can thrive in your ideal environment.Join us in transforming the life sciences industry, committed to making a positive impact on its customers, employees, and communities.The RoleThis role will be focused on analyzing product data, validating incoming data feeds, identifying data quality issues, and investigating customer requests for OpenData. Secondary responsibilities include product reporting and dashboarding. We value end-to-end ownership, giving you the freedom to determine the correct course of action, do all due diligence, and execute solutions in your own creative way.What You'll DoCoordinate with Data Operations, Customer Success, and Product management to provide summary analysis of healthcare reference and affiliation dataIdentify process improvements in onboarding data and product business rulesIdentify and analyze data quality issuesOnboarding of data sourcesPerform UAT on new product releasesRequirements3+ years of Data Analysis experienceStrong SQL skillsExperience building internal and customer-facing analytics reportsStrong written and inter-personal communication skillsExperience with Healthcare Reference DataNice to HaveExperience with Sigma Analytics reporting or other BI toolsHistory of working with Product, Engineering, and Data Science teamsPerks & BenefitsMedi"",""['sql', 'saas']"""
"Senior Data Analyst,Chubb,""Philadelphia, PA"",https://www.linkedin.com/jobs/view/senior-data-analyst-at-chubb-4281694408,""Job DescriptionWestchester Specialty Group’s growing Business Analytics team is seeking a Senior Data Analyst focused specifically on our pet insurance products under the Healthy Paws brand.This person will be responsible for the ideation, development, and management of automated, end-to-end reporting and visualization tools that are critical for successful business decision-making. We are looking for someone with a passion for analytics and experience harnessing the power of data and automation, who is willing to explore new tools, techniques, and businesses to create impactful analytical solutions for our partners.This role will work on building the next level of advanced analytical processes and reports for our dynamic pet insurance business, Healthy Paws, which will enable more accurate and faster information delivery to business partners while working directly with financial, underwriting, and IT leadership.This role will also be key in identifying gaps and growth areas within the analytics function and executing project plans designed to expand the impact and exposure of the Business Analytics team.Critical Factors For Success IncludeEnthusiasm for analytics and creative problem-solving, with a desire to be on the front foot when it comes to tools and techniques.Ability to meet deadlines with high-quality end-products in a fast-paced environment.Self-starter and innovator who can successfully set direction and priorities, manage own work, and drive results.Focus on process improvement and efficiency, and continuous development, both technically and professionally.ResponsibilitiesLead the scoping, development, maintenance, and enhancement of insightful reporting for the Healthy Paws Pet Insurance business, leveraging advanced tools and techniques (e.g., SQL, Python, etc.) to drive automation and efficiencies.Design and build new automated data connections and reports in various data visualization tools (e.g., QlikView and Qlik Sense, Power BI, Excel) using inpu"",""['python', 'sql', 'excel', 'power bi', 'qlik']"""
"Data Engineer Analyst,Lincoln Financial,""Philadelphia, PA"",https://www.linkedin.com/jobs/view/data-engineer-analyst-at-lincoln-financial-4279997514,""Alternate Locations: Radnor, PA (Pennsylvania); Charlotte, NC (North Carolina); Fort Wayne, IN (Indiana); Greensboro, NC (North Carolina) Work Arrangement:Hybrid Preferred : Preferred employee will work 3 days a week in a Lincoln officeRelocation assistance: is not available for this opportunity.Requisition #: 74460The Role at a GlanceThe Customer360 is Lincoln Financials' enterprise data lake and mastering platform with hands-on support for advanced analytics, machine learning and AI, and service integrations across the technology portfolio including actuarial, digital and web and product platforms. A Data Engineer on the Customer360 team supports the platform architecture, design and implementation of enhancements, surfaces and vets emerging capabilities and partners with teams across the enterprise to implement their business cases.What You'll Be DoingOrganizes, interprets, and analyzes more complex data across their area of responsibility to support business and corporate strategic goals.Familiarity with several programming languages and knowledge of learning machine methods commonly used in data science applicationsBuild or support creation of data models and pipelinesEvaluate business needs and objectives of our users, assist in project scoping.Help prepare data for prescriptive and predictive modeling.Combine raw and provisioned information from different data sources.Explore ways to enhance data quality and reliability and develop procedures to implement improvements.Identify opportunities for data acquisition across Lincoln’s systems.Ability to collaborate with business stakeholders, data scientists and architects on simple to complex projects.Identifies and recommends process improvements that significantly reduce workloads or improve quality for their assigned area(s) of responsibility.Maintains an understanding of how the data contained in the various systems are utilized, and is able to triangulate various aspects of the data into a usable format to sup"",['machine learning']"
"Assessment Data Analyst,NBME,""Philadelphia, PA"",https://www.linkedin.com/jobs/view/assessment-data-analyst-at-nbme-4280181844,""POSITION OVERVIEWNBME is excited to announce an opportunity for two Test Construction Analysts to join our dynamic Test Development team. In this project-based role, you'll be responsible for providing critical analysis, test construction, publication services, and system support across a range of high-impact examination programs. These include the United States Medical Licensing Examination (USMLE), North American Veterinary Licensing Examination (NAVLE), Medical School Services, and NBME Self-Assessment Services. This is a unique chance to contribute to the quality and integrity of exams that shape the future of healthcare and veterinary professionals. While this is a project role expected to last between 18 to 24 months, individuals hired into this position will be eligible for the same comprehensive benefits as regular NBME employees.This role has been designated as primarily remote, meaning it requires little to no onsite attendance. While this role can be designated as remote, you are offered the flexibility to select if you prefer to work primarily remotely, hybrid, or onsite. We're open to considering candidates within 50 miles of our office location in Philadelphia, PA. At NBME ®, we continue to innovate and improve how we fulfill the evolving needs of the health care community. This commitment starts and ends with the people at NBME. By recruiting and empowering talented individuals from various disciplines and backgrounds, which includes professionals with diverse life experiences, abilities, and perspectives, NBME can take a well-informed, robust approach to advancing medical education and assessment for years to come. RESPONSIBILITIES Perform analyses by extracting data from our databases and data warehouses using R to generate the resultsCommunicate results to non-technical members of the organizationExecute automated assembly of test formsAnalyze the statistical and content characteristics of the new forms using R, Python, and ExcelCreate, update, and"",""['python', 'r']"""
"Business System Analyst,""Pyramid Consulting, Inc"",""Philadelphia, PA"",https://www.linkedin.com/jobs/view/business-system-analyst-at-pyramid-consulting-inc-4271457635,""Immediate need for a talented Business System Analyst. This is a 03+ months contract to Hire opportunity with long-term potential and is located in Philadelphia, PA (Hybrid). Please review the job description below and contact me ASAP if you are interested.Job ID: 25-71691 Pay Range: $65 - $70/hour. Employee benefits include, but are not limited to, health insurance (medical, dental, vision), 401(k) plan, and paid sick leave (depending on work location). Key Responsibilities:The Business System Analyst role on the EIM - Data Warehouse team requires experience in creating Business Requirement Documents, Functional Requirement Documents and Mapping documents for the development of ETL applications.This role requires extensive SQL experience in writing complex queries across multiple tables, data analysis and profiling skills for the creation of the mapping documents and further discussion with data modelers for the necessary table designs.The ideal candidate should have all of the above skills at expert level along with strong verbal and written communication skills to work with various stakeholders, gather and formulate business requirements and translate the same to the technical team.Other preferred experience includes Source-to-Target mapping, health insurance knowledge and general data warehousing.The candidate will also be comfortable enough to support testing, production readiness verification and ensuring accuracy after the deployments.This might include weekend and off hours support. Candidates should be local to the office.Key Requirements and Technology Experience: Key skills; SQL ,Data warehousing ,Data Profiling .Strong Data Profiling and Analysis skills .Strong SQL knowledge .Strong Data Mapping and Functional requirements documentation skills .Strong verbal, writing and active listening skills.Data warehousing knowledge .Healthcare experience .Our client is a leading Health Insurance Industry, and we are currently interviewing to fill this and other sim"",""['sql', 'etl', 'data warehouse']"""
"Associate Director, Business Insights & Analytics,EPM Scientific,""Philadelphia, PA"",https://www.linkedin.com/jobs/view/associate-director-business-insights-analytics-at-epm-scientific-4282178921,""A mid-sized pharmaceutical company is seeking an experienced analytics leader to join its commercial team. This role will be instrumental in driving strategic decision-making through data-driven insights and operational support. The Associate Director will lead efforts to enhance commercial effectiveness, optimize resource allocation, and support key business initiatives across the organization.Key Responsibilities:Lead hands-on data analysis and reporting to generate actionable insights that inform brand strategy and execution.Develop and maintain performance dashboards integrating internal KPIs and external datasets to monitor sales trends and operational metrics.Analyze market dynamics, customer-level data, and promotional impact to support segmentation, targeting, and strategic planning.Collaborate with sales leadership to refine territory alignments and customer targeting strategies, improving field force efficiency.Serve as a key partner to field teams, addressing data needs and delivering insights that support daily execution.Contribute to revenue forecasting models and business planning efforts across multiple brands.Produce executive-level business review reports using a combination of syndicated market data and internal performance indicators.Support market research initiatives and translate findings into strategic recommendations.Conduct ad hoc analyses to support tactical execution and long-term planning.Perform promotional response analysis and develop tailored engagement strategies to drive brand uptake.Qualifications & Skills:Bachelor's degree in a quantitative field such as Statistics, Economics, Business Analytics, or a related discipline.Minimum of 4 years of experience in commercial analytics, preferably within the life sciences or healthcare sector.Advanced proficiency in Excel; experience with data visualization tools such as Power BI is a plus.Strong analytical skills with the ability to manage large datasets and apply advanced methodologies.Pr"",""['excel', 'power bi', 'statistics']"""
"Senior Data Analyst, Enterprise,PENN Interactive,""Philadelphia, PA"",https://www.linkedin.com/jobs/view/senior-data-analyst-enterprise-at-penn-interactive-4271770612,""PENN Entertainment, Inc. is North America’s leading provider of integrated entertainment, sports content, and casino gaming experiences. From casinos and racetracks to online gaming, sports betting and entertainment content, we deliver the experiences people want, how and where they want them.We’re always on the lookout for those who are passionate about creating and delivering cutting-edge online gaming and sports media products. Whether it’s through ESPN BET, Hollywood Casino, theScore Bet Sportsbook & Casino, or theScore media app, we’re excited to push the boundaries of what’s possible. These state-of-the-art platforms are powered by proprietary in-house technology, a key component of PENN’s omnichannel gaming and entertainment strategy.When you join PENN Entertainment’s digital team, you’ll not only work on these cutting-edge platforms through theScore and PENN Interactive, but you’ll also be part of a company that truly cares about your career growth. We’re committed to supporting you as you expand your skills and explore new opportunities.With locations throughout North America, you can build a future at PENN Entertainment wherever you are. If you want to challenge conventions in gaming, media and entertainment, we want to talk to you.About The Role & TeamOn the Data Intelligence team at theScore, our mission is to develop high-quality and sustainable data-driven solutions to improve profitability, growth and the user experience. As a Data Analyst, you’ll work with all the key stakeholder groups to help them leverage data to track performance, make better decisions and ultimately reach their goals. The ideal candidate has strong communications skills, a passion for data, a background in quantitative analysis and an interest in professional sports, betting & eSports.About The WorkAs a key member of our Analytics team you will:Build dashboards & develop backend capabilities of our Data Exploration tools (Mode, Looker, dbtCloud) Foster adoption of our data explo"",['looker']"
"Intelligence Analyst I,""ProSync Technology Group, LLC"",""Philadelphia, PA"",https://www.linkedin.com/jobs/view/intelligence-analyst-i-at-prosync-technology-group-llc-4255328330,""ProSync is seeking a passionate Intelligence Analyst I to help ensure security and intelligence compliance with policies and regulations, drawing on some of the nation's leading personnel and cybersecurity thought leaders for enhancing, accelerating, and assuring the United States Navy's ability to counter existing and emerging security threats.This position offers a salary in the range of $90k-103k based on numerous factors, including degree and overall experience. ProSync Technology Group, LLC (ProSync) is an award-winning, SDVOSB Defense Contracting company with a strong military heritage and a record of excellence in supporting the Department of Defense and the Intelligence Community. If you have prior military service or government contracting experience, are proud to serve and support our nation, and want to help support ProSync's mission to """"Define and Redefine the State of Possible,"""" please apply today!ResponsibilitiesThis position handles the support of the Sensitive Compartment Information Facility. This role includes:Preparing comprehensive intelligence reports that distill complex information into clear and actionable insights for various stakeholdersGathering and meticulously evaluating intelligence from a diverse range of sources, ensuring the validity and reliability of the information collectedIdentifying potential threats through thorough analysis and ensuring that vital information is promptly communicated to superiors and critical decision-makers to facilitate timely and informed actionsConducting briefings for both internal and external stakeholders, providing them with crucial updates and strategic recommendations based on the latest intelligence assessmentsConceptualizing, drafting, coordinating, and publishing in-depth intelligence assessments that address pertinent security issues, thus contributing to the organization's overall situational awareness and strategic planningRequirementsTwo (2) years of experience in Intelligence and Analysis in"",[]"
"Data and Reporting Analyst,Chubb,""Philadelphia, PA"",https://www.linkedin.com/jobs/view/data-and-reporting-analyst-at-chubb-4239598996,""Job DescriptionThe Financial Business Solutions, FBS, group is seeking a Data and Reporting Analyst to support the goal of becoming a data driven organization by aligning analytics with process & business information needs.The Financial Business Solutions group acts as an internal consulting group with the capability and intelligence to identify and drive high impact strategic business initiatives for all of the North American Finance organization. This team is responsible for strategic planning, program management, operations transformation, business process reengineering, operations technology solution architecture, business intelligence/operations analytics, and reporting & modeling.The business intelligence/operations analytics, reporting & modeling function includes activities such as data management, data mining, operations analytics, trend analysis/detection, data modelling etc. to assist process teams to make appropriate decisions, adjust servicing strategies, and address business questions. This also includes understanding, leveraging, and linking various other sources of data within the Chubb data environment. Our group works closely with stakeholders, decision makers, and process leaders to support operational decisions through innovative solutions.Key Responsibilities Partner with process users/owners to clearly define operations analytics needs critical-to-successful KPI/metrics Extract, collate, and transform data from disparate systems for reporting and analytics Work with FBS Data Engineers to resolve any data discrepancies Discover and analyze data trends and patterns Effectively summarize data insights into key observations. Identify key factors that are driving the result, identify risks / business opportunities, and necessary control points Present analysis outcome in an easy-to-understand business layout through interactive and actionable dashboards using data visualization tools Analyze future operational scaling needs and make recommendations "",[]"
"Data Analyst -Path Admin,""Penn Medicine, University of Pennsylvania Health System"",""Philadelphia, PA"",https://www.linkedin.com/jobs/view/data-analyst-path-admin-at-penn-medicine-university-of-pennsylvania-health-system-4260199701,""DescriptionPenn Medicine is dedicated to our tripartite mission of providing the highest level of care to patients, conducting innovative research, and educating future leaders in the field of medicine. Working for this leading academic medical center means collaboration with top clinical, technical and business professionals across all disciplines.Today at Penn Medicine, someone will make a breakthrough. Someone will heal a heart, deliver hopeful news, and give comfort and reassurance. Our employees shape our future each day. Are you living your life's work?Job Title: Data AnalystDepartment: Path AdminLocation: Hospital of the University of Pennsylvania- 3400 Spruce StHours: Full TimeSummary:This position is responsible for the development of analytical tools, data transformation, and/or developing advanced visualizations. This individual will be required to ensure that the transformed and/or displayed information meets all clinical and business requirements of the organization and end-users. This will entail creating new as well as maintaining and modifying existing development. This individual will be required to provide guidance to other team members and end-users.Responsibilities:Utilizes large complex data sets to meet functional and non-functional business requirements.Build the analytics infrastructure required for integrating information from a wide variety of data sources using task specific appropriate tools.Create analytics tools that utilize existing data assets to provide actionable insights into operational efficiency, quality improvement, and other key business performance metrics.Provides project management guidance and expertise to facilitate operations improvement projects.Continuously improves departmental processes, programs, operations, and services.Research and data analysis in support of troubleshooting production issues.Participate in resolution of routine data integration errors/variances when needed.Coordinate with other IS groups to see p"",[]"
"Senior Data Analyst, Product,PENN Interactive,""Philadelphia, PA"",https://www.linkedin.com/jobs/view/senior-data-analyst-product-at-penn-interactive-4272187324,""PENN Entertainment, Inc. is North America’s leading provider of integrated entertainment, sports content, and casino gaming experiences. From casinos and racetracks to online gaming, sports betting and entertainment content, we deliver the experiences people want, how and where they want them.We’re always on the lookout for those who are passionate about creating and delivering cutting-edge online gaming and sports media products. Whether it’s through ESPN BET, Hollywood Casino, theScore Bet Sportsbook & Casino, or theScore media app, we’re excited to push the boundaries of what’s possible. These state-of-the-art platforms are powered by proprietary in-house technology, a key component of PENN’s omnichannel gaming and entertainment strategy.When you join PENN Entertainment’s digital team, you’ll not only work on these cutting-edge platforms through theScore and PENN Interactive, but you’ll also be part of a company that truly cares about your career growth. We’re committed to supporting you as you expand your skills and explore new opportunities.With locations throughout North America, you can build a future at PENN Entertainment wherever you are. If you want to challenge conventions in gaming, media and entertainment, we want to talk to you.About The Role & TeamOur mission is to develop high-quality and sustainable data-driven solutions to improve profitability, growth and the user experience. As a Senior Data Analyst, you’ll work with all the key stakeholder groups to help them leverage data to track performance, make better decisions and ultimately reach their goals. The ideal candidate has strong communications skills, a passion for data, a background in quantitative analysis and an interest in professional sports, betting & eSports.About The WorkAs a key member of our Analytics team you will:Identify business opportunities and present data-driven recommendations to business stakeholders. Work with complex datasets to answer ambiguous questions and uncover new i"",[]"
"Data Analyst,KIPP Philadelphia Public Schools,""Philadelphia, PA"",https://www.linkedin.com/jobs/view/data-analyst-at-kipp-philadelphia-public-schools-4263791587,""Company DescriptionAbout KIPPKIPP Public Schools is a national network of free, open-enrollment, college-preparatory public schools committed to partnering with students and families to disrupt systemic educational inequity and create a future without limits. Over 120,000 students attend one of the 280 KIPP schools that operate in 27 regions across the United States. KIPP Philadelphia Schools Public Schools (KPPS) is a part of the national KIPP Public Schools network and currently leads eight schools serving over 3000 students in North and West Philadelphia. By 2030, KPPS will lead ten schools serving approximately 4,000 students.Our MissionTogether with families and communities, we create joyful, academically excellent schools that prepare students to pursue the paths they choose—college, career, and beyond—so they can lead fulfilling lives and build a more just world.Life at KIPP PhillyAt KIPP Philly, we know that talented, committed, and culturally competent educators are the driving force behind our students' success. By creating a school experience that affirms identities, celebrates individuality, and challenges every student to grow, our teachers and leaders amplify the potential of every child. We are dedicated to building a professional environment grounded in joy, candor, care, and community—a place where educators can bring their authentic selves, receive world-class development, and collaborate with peers equally devoted to the work. Here’s what you can expect:Commitment to Anti-Racism and Equity: Join a team deeply dedicated to anti-racism, equity, and culturally responsive practices, working to eradicate systemic barriers and create truly inclusive environments.Joyful and Inclusive Community: Be part of a close-knit, diverse network of educators who value authenticity, collaboration, and mutual respect, fostering an environment where both adults and children can thrive.Rewarding Impact: Your dedication and hard work will be recognized through competiti"",[]"
"Manager, Price Intelligence,KPMG US,""Philadelphia, PA"",https://www.linkedin.com/jobs/view/manager-price-intelligence-at-kpmg-us-4255577138,""Known for being a great place to work and build a career, KPMG provides audit, tax and advisory services for organizations in today's most important industries. Our growth is driven by delivering real results for our clients. It's also enabled by our culture, which encourages individual development, embraces an inclusive environment, rewards innovative excellence and supports our communities. With qualities like those, it's no wonder we're consistently ranked among the best companies to work for by Fortune Magazine, Consulting Magazine, Seramount, Fair360 and others. If you're as passionate about your future as we are, join our team.KPMG is currently seeking a Manager, Price Intelligence to join our Growth and Strategy organization.Responsibilities:Lead the enhancement and automation of pricing reports and dashboards to improve efficiency and reduce manual effort; leverage SQL to optimize data architecture and use Python or R to automate workflows and ETL processes; ensure reporting aligns with strategic goals, and support scalable insight deliveryDrive the team's use of business intelligence tools to elevate analytics maturity; identify and implement improvements in data visualization, reporting, and insight generation; collaborate cross-functionally to ensure BI solutions meet evolving business needs, and support decision-makingInvestigate current data sources to assess quality, relevance, and potential alternatives; curate and validate data for accuracy and readiness for advanced analytics; lead Quality Assurance (QA) processes, and ensure data integrity across key projects, including two major system migrationsStreamline reporting processes, identifying automation opportunities, and delivering insights that drive pricing strategyOwn the data curation for the Pricing and Commercial Enablement's Data and Analytics teamDesign and implement scalable data solutions to support advanced analytics and decision-makingQualifications:Minimum five years of recent experience"",""['python', 'sql', 'r', 'etl']"""
"Business Systems Analyst (BSA) – Data Warehouse,Galent,""Philadelphia, PA"",https://www.linkedin.com/jobs/view/business-systems-analyst-bsa-%E2%80%93-data-warehouse-at-galent-4280217986,""Position: Business Systems Analyst (BSA) – Data WarehouseContractLocation: Philadelphia PA -HybridQualifications & Experience:Minimum 3 years of experience in Data Warehouse projectsAt least 5 years of experience with SQLAround 8 years in a BSA or Technical roleStrong Healthcare domain knowledge preferredProven experience as a BSA in Data Warehouse projects, preferably in Sourcing or Outbound ExtractsKey Responsibilities:Perform Data Profiling to identify data issues prior to loading into the Data WarehousePrepare detailed Functional Specifications through collaboration with Business and Technical teamsDevelop Mapping Documents for Development and QA teams, including detailed joins, filters, ranking logic for unique recordsPresent draft versions of Data Models to stakeholdersExecute UAT (User Acceptance Testing) and Business Checkout using SQL scriptsPrepare Source to Target Mapping documentsConduct Gap Analysis and Data Profiling to identify and resolve discrepanciesCollaborate with business users to prepare Functional SpecificationsUtilize strong SQL skills to query, analyze, and validate dataSkills & Competencies:Solid understanding of RDBMS conceptsStrong analytical skills with attention to detailExcellent communication skills to interact effectively with business and technical teams Show more Show less"",""['sql', 'data warehouse']"""
"All Source Intelligence Analyst,""ProSync Technology Group, LLC"",""Philadelphia, PA"",https://www.linkedin.com/jobs/view/all-source-intelligence-analyst-at-prosync-technology-group-llc-4255329081,""ProSync is seeking a passionate All Source Intelligence Analyst (ASIA) to help ensure security and intelligence compliance with policies and regulations, drawing on some of the nation's leading personnel and cybersecurity thought leaders for enhancing, accelerating, and assuring the United States Navy's ability to counter existing and emerging security threats.This position offers a salary in the range of $74k-82k based on numerous factors, including degree and overall experience. ProSync Technology Group, LLC (ProSync) is an award-winning, SDVOSB Defense Contracting company with a strong military heritage and a record of excellence in supporting the Department of Defense and the Intelligence Community. If you have prior military service or government contracting experience, are proud to serve and support our nation, and want to help support ProSync's mission to """"Define and Redefine the State of Possible,"""" please apply today!ResponsibilitiesThis position handles the support of the Sensitive Compartment Information Facility. This role includes:Preparing comprehensive intelligence reports that distill complex information into clear and actionable insights for various stakeholdersGathering and meticulously evaluating intelligence from a diverse range of sources, ensuring the validity and reliability of the information collectedIdentifying potential threats through thorough analysis and ensuring that vital information is promptly communicated to superiors and critical decision-makers to facilitate timely and informed actionsConducting briefings for both internal and external stakeholders, providing them with crucial updates and strategic recommendations based on the latest intelligence assessmentsConceptualizing, drafting, coordinating, and publishing in-depth intelligence assessments that address pertinent security issues, thus contributing to the organization's overall situational awareness and strategic planningRequirementsThree (3) years of experience in Intelligenc"",[]"
"Junior Data Engineer,Macquarie Group,""Philadelphia, PA"",https://www.linkedin.com/jobs/view/junior-data-engineer-at-macquarie-group-4275436136,""Work in an exciting and agile environment where you will have the opportunity to collaborate with a team of developers to shape our technical runway.At Macquarie, our advantage is bringing together diverse people and empowering them to shape all kinds of possibilities. We are a global financial services group operating in 31 markets and with 56 years of unbroken profitability. You’ll be part of a friendly and supportive team where everyone - no matter what role - contributes ideas and drives outcomes. What role will you play? This role involves contributing to the development and maintenance of our core data warehouse platform, leveraging Python, Kubernetes, AWS, GCP, and dbt. You will work closely with senior engineers to build scalable and reliable infrastructure, ensuring the foundation for our data analytics and business intelligence needs. This is an excellent opportunity for a motivated individual to gain hands-on experience with cutting-edge cloud and data technologies.What You OfferProficiency in Python programming and a willingness to learn new technologies Familiarity with containerization and orchestration tools, especially Kubernetes Basic understanding of cloud platforms such as AWS and/or GCP Exposure to or interest in data modeling and transformation tools like dbt Strong problem-solving skills, attention to detail, and effective communication abilities.We love hearing from anyone inspired to build a better future with us, if you're excited about the role or working at Macquarie we encourage you to apply.What We OfferBenefitsAt Macquarie, you’re empowered to shape a career that’s rewarding in all the ways that matter most to you. Macquarie employees can access a wide range of benefits which, depending on eligibility criteria, include:1 wellbeing leave day per year and a minimum of 25 days of annual leave20 weeks’ paid parental leave for primary caregivers along with 12 days of paid transition leave upon return to work and 6 weeks’ paid leave for secon"",""['python', 'aws', 'data warehouse', 'kubernetes']"""
"Senior Data Analyst,Jobright.ai,""Philadelphia, PA"",https://www.linkedin.com/jobs/view/senior-data-analyst-at-jobright-ai-4281593253,""Jobright is an AI-powered career platform that helps job seekers discover the top opportunities in the US. We are NOT a staffing agency. Jobright does not hire directly for these positions. We connect you with verified openings from employers you can trust.Job Summary:Chubb is a world leader in insurance, providing a diverse range of insurance products globally. They are seeking a Senior Data Analyst to focus on pet insurance products, responsible for developing automated reporting and visualization tools to support business decision-making and enhance analytics capabilities.Responsibilities:• Lead the scoping, development, maintenance, and enhancement of insightful reporting for the Healthy Paws Pet Insurance business, leveraging advanced tools and techniques (e.g., SQL, Python, etc.) to drive automation and efficiencies.• Design and build new automated data connections and reports in various data visualization tools (e.g., QlikView and Qlik Sense, Power BI, Excel) using input from business leaders, while adapting to dynamic business needs.• Visualize and develop solutions (dashboards, scorecards, analytic reports) to highlight trends and anomalies in the data, while designing and delivering end-user training and technical support.• Manage data from multiple sources, including underwriting, claims, actuarial, and product databases, to create integrated views and to ensure data integrity and consistency.• Own the user story from idea to implementation, including onboarding, training, and engagement, while continuing to promote and demonstrate the value of analytics.• Explore new data models, software, and algorithms that improve data visualization, presentation, and ease of information delivery to our business partners.• Lead and execute projects designed to increase the impact and exposure of the analytics team within the organization, by identifying new or underserved areas of the business and developing analytical solutions to close the gaps.• Identify opportunit"",""['python', 'sql', 'excel', 'power bi', 'qlik']"""
"Senior Data Insights & Reporting Analyst,Independence Blue Cross,""Philadelphia, PA"",https://www.linkedin.com/jobs/view/senior-data-insights-reporting-analyst-at-independence-blue-cross-4182993847,""This Senior role uses in-depth knowledge of Operations areas to conducts data analysis to help drive business decisions and help to solve complex problems as well as take a new perspective on existing solutions.The Senior Data & Insight Reporting AnalystConducts data analysis in support of a variety of analytic solutions.Captures, develops, and documents data definitions, business rules, and data quality requirements.Creates and produces forecasts, reports, ad hoc requests, dashboards, etc.Interprets data, analyzes results, and provides insights to determine operational impact, trends, and opportunities.Develops reports and deliverables for management and communicate with all levels of stakeholders.Identifies and defines both process and data improvements.Ensures compliance with deliverable reporting requirements by performing quality data audits and analysis.Qualifications - ExternalBachelor’s degree preferred5+ years relevant experienceStrong analytical skills and ability to “tell a story” and provide recommendations with data trends.Must be competent in excel (vlookups, tables, formulas, etc), Sql experience, Tableau, and setting up automated dashboardsProficient with pulling data (writing queries), functions, formulas, and building volatile tables,Has working knowledge of the organization, processes, and customersSolves complex problems; takes a new perspective on existing solutions.Works independently; receives minimal guidance.Acts as a resource for colleagues with less experienceIBX is an Equal Opportunity Employer. All qualified applicants will receive consideration for employment without regard to their age, race, color, religion, sex, national origin, sexual orientation, protected veteran status, or disability.Must have an Android or iOS device which is compatible with the free Microsoft Authenticator app. Show more Show less"",""['sql', 'excel', 'tableau']"""
"Sr. Data Analyst,Community Behavioral Health,""Philadelphia, PA"",https://www.linkedin.com/jobs/view/sr-data-analyst-at-community-behavioral-health-4277675901,""BenefitsCBH is a dynamic organization dedicated to providing access to high-quality, accountable care to improve the health and mental wellness of our members. As part of our growth, we are seeking a detail-oriented Sr. Data Analyst to join our team. CBH offers a robust compensation and benefits package, including:Family Planning, Fertility, Adoption Benefits403B Retirement PlanPTO Days/Sick DaysWellness ProgramEmployee Assistance ProgramHealth, Dental, Vision InsuranceMedical, Prescription Drug InsuranceTuition ReimbursementCommuter BenefitsFlexible SpendingThe Sr. Data Analyst plays a key role on the Data Analytics’ Data Warehouse team to define requirements, understand business needs and workflows, and work with various business units to provide Data Analysis, Reporting, Business Intelligence (BI) and Database Backend solutions as needed by the organization. This Sr. Data Analyst will have a specific reporting focus for CBH.Core ExpectationsCommunity Behavioral Health (CBH) will hold each employee accountable for the following expectations which align with our mission, vision, and corporate code of conduct.Perform key responsibilities as detailed in this job description in a dependable, responsible, and positive manner, consistent with all state and federal guidelines.Serve as a role model by exemplifying professional behavior, language, skills, and attire in order to promptly and accurately serve the needs of stakeholders, members and their families.Assure adherence to CBH policies and procedures so that all work is of the highest quality and delivered in the most culturally competent and cost-effective manner.Promote and manage diversity and acceptance within CBH and with all members and stakeholders by honoring and respecting their individuality, dignity and rights.Offer suggestions and develop solutions to help promote effective and efficient work processes and innovative programs.Actively participate in required meetings and complete all mandatory trainings."",['data warehouse']"
"Professional Services Data Analyst,Motion Recruitment,""Philadelphia, PA"",https://www.linkedin.com/jobs/view/professional-services-data-analyst-at-motion-recruitment-4266355445,""A fast-growing SaaS company is looking to bring on a Professional Services Data Analyst to support their client-facing and internal teams. This is a full-time role offering the chance to work with data across Salesforce, NetSuite, and other business platforms to help drive smarter forecasting, financial analysis, and project performance insights.This is a great opportunity for someone who thrives in a fast-paced, collaborative environment and enjoys turning complex data into clear business value. You'll partner directly with Professional Services, FP&A, and Sales Ops to influence strategy, identify trends, and improve operational execution. If you're analytical, detail-oriented, and ready to take on high-visibility work, this is an exciting next step. Required Skills & Experience 3+ years in a data analyst, business analyst, or financial analyst role SQL Salesforce reporting and ERP/financial systems (NetSuite, SAP, etc.) Strong skills in forecasting, scenario modeling, and dashboard creation Excellent communication skills and ability to present to senior stakeholders Desired Skills & ExperienceSaaS, professional servicesPSA tools: FinancialForce, PlanviewSaaS metrics: ARR, churn, bookings, utilizationProject-based revenue recognition, resource planningWhat You Will Be DoingTech Breakdown 50% Salesforce & ERP data analysis 25% Forecasting & modeling 25% Dashboard/report developmentDaily Responsibilities 60% Data analysis, reporting, and presentation 20% Cross-team collaboration (Professional Services, Finance, Sales) 20% Strategy and trend identification The Offer Competitive base salary Bonus eligibleYou Will Receive The Following Benefits Medical, Dental, and Vision Insurance PTO and Paid Holidays Growth opportunities and internal mentorship 401(k) with company match Applicants must be currently authorized to work in the US on a full-time basis now and in the future.Posted By: Sabina Hunsicker Show more Show less"",""['sql', 'saas']"""
"Research Analyst - Hybrid (PA/NJ/DE),Independence Blue Cross,""Philadelphia, PA"",https://www.linkedin.com/jobs/view/research-analyst-hybrid-pa-nj-de-at-independence-blue-cross-4280707525,""Bring your drive for excellence, teamwork, and customer commitment to Independence. Join us as we renew and reimagine the future of health care. Together we will achieve our mission to enhance the health and well-being of the people and communities we serve.SummaryThis position is within the Informatics Reporting & Analytics team and will support Sales and Operational requests. Responsible for carrying out analytical tasks and opportunity sizing analyses in support of various initiatives for internal clients including Operations, Sales, Marketing, & Product. Partner with team leads and internal business clients to identify enhancement and improvement opportunities and to develop robust analytics solutions focused on providing actionable insights. Help to build out reporting products/offerings through application of data analysis and data aggregation tools (SSRS, Tableau etc.) to drive broader adoption and growth of capability. Participate in the brainstorming, development, and delivery of new ideas for reporting suite.Major Responsibilities Gather, interpret, analyze, and condense complex data into meaningful summaries, trends, or opportunities. Cross-functional team collaboration to provide analytical, reporting, and project implementation support to internal and external clients. Assist and contribute on innovative solutions for more effective, streamlined, and automated reporting for both internal and external clients. Develop reporting including call center, claims, medical trends, or administrative data in support of Informatics analytical projects using BI reporting tools including but not limited to Excel and Tableau. Build reports and deliverables to present results in a clear, concise manner for internal and external clients. Conduct root-cause analysis to investigate issues and provide proactive solutions.Qualifications Bachelor’s degree in Analytics, Health Informatics, Business, Mathematics, Audit, Statistics, Finance, Computer Science, Information Syste"",""['excel', 'tableau', 'statistics', 'mathematics']"""
"Lead Analytics Consultant, Real World Data Insights,HealthVerity,""Philadelphia, PA"",https://www.linkedin.com/jobs/view/lead-analytics-consultant-real-world-data-insights-at-healthverity-4259476019,""How you will helpAs a Lead Analyst, Real World Data (RWD) Insights you will serve as a strategic partner to clients and internal teams, leveraging deep expertise in healthcare data analytics to drive complex, high-impact real-world data (RWD) solutions. You will take a leadership role in client engagements, shaping the direction of RWD-driven research by translating business and regulatory needs into sophisticated analytical frameworks. Working cross-functionally, you will guide clients in identifying optimal data sources from the HealthVerity Marketplace (HVM), and ensuring the feasibility and integrity. Additionally, you will mentor and collaborate with colleagues to enhance analytical methodologies, optimize data strategies, and contribute to the continued evolution of industry-leading RWD insights.What you will doEfficiently query multiple data types (medical and pharmacy claims, EMR, lab, chargemaster) with strong proficiency in SQL to identify patient populations and assess using univariate analysis and data investigationsCollaborate and consult with external stakeholders and provide strategic expertise on data assets that will support client’s research questionsLead client trainings, including standardizing analytic guidance, and documenting use case support in the post-sale phaseWork cross-functionally with sales and data delivery teams to drive operational processes and support best practices to deliver data licensing projects on time and with accuracyLead the development and maintenance of internal documentation, code templates, analytics automation, and other process improvement initiatives to support internal team efficiency, effectiveness, and growthMentor team members, focusing on improvement initiatives, collaboration and innovationHow success will be defined Creatively and strategically position HealthVerity to win against the competition by building trust and credibility as a subject matter expert (SME)Take end-to-end ownership of data solutioning p"",['sql']"
"Senior Data Insights Analyst,OGC Global,""Philadelphia, PA"",https://www.linkedin.com/jobs/view/senior-data-insights-analyst-at-ogc-global-4280068317,""OGC is a boutique research and consulting agency specializing in data-driven strategy, quantitative analytics, and Customer Experience (CX) program design and optimization. We work with some of the world’s largest organizations across industries such as Financial Services, Specialty Retail, Telecommunications, Hospitality, and Software, helping them gain a deep understanding of their customers, develop actionable insights, and improve business processes.Comcast’s Consumer Research & Insights team provides market research support across Comcast’s divisions and product lines. The team executes a range of quantitative and qualitative projects to support strategic decision-making and enhance the customer experience.We are seeking a Senior Data Insights Analyst to join our team. This is an excellent opportunity for a seasoned analyst who thrives in fast-paced environments, brings advanced analytical capabilities, and is comfortable interacting with senior stakeholders.This role requires working Eastern Time hours and being in the Philadelphia office at least 4 days per week.The ideal candidate is experienced, resilient, analytically sharp, and confident managing complex work streams. You will play a critical role in delivering high-impact research and insights to senior decision-makers, using advanced quantitative techniques and structured storytelling.ResponsibilitiesLead research work streams end-to-end, including vendor coordination, stakeholder management, and deliverablesAnalyze large-scale quantitative datasets using more than just descriptive statistics (e.g., regression, segmentation, or other inferential methods)Manage the flow of data from multiple internal/external sources, ensuring data integrity and actionable insightsDevelop advanced survey instruments in collaboration with stakeholders; ensure methodological rigor and data qualityTranslate complex findings into compelling, visual PowerPoint decks and written summaries for senior leadershipProvide regular p"",""['statistics', 'powerpoint']"""
"Data Engineer,Medical Guardian,""Philadelphia, PA"",https://www.linkedin.com/jobs/view/data-engineer-at-medical-guardian-4250427577,""Medical Guardian is a trusted leader in personal safety solutions to deliver independence for aging adults. Serving over 625,000 members, we provide innovative technology and compassionate support to help individuals live confidently and securely.We are seeking a Data Engineer to join our AI & Analytics team. This role will be a key contributor to the ongoing development and maintenance of our enterprise data warehouse. The Data Engineer will focus on building data models, creating transformation pipelines, and supporting analytics and AI/ML use cases across the organization.Working closely with data scientists, AI engineers, and business stakeholders, this individual will ensure the accuracy, scalability, and availability of trusted data through tools like dbt, SQL, and Azure data services.Key Responsibilities: Data Engineering & Warehouse Support Build and maintain ELT pipelines and data models using dbt to support a reliable and scalable enterprise data warehouse. Collaborate with data architects and other engineers to implement efficient data structures that serve business reporting, analytics, and AI needs. Ensure performance, data integrity, and documentation for the pipelines that feed into and out of the data warehouse. AI/ML Enablement Prepare and transform datasets for machine learning models and AI agents, supporting feature engineering and model deployment. Work with AI engineers and data scientists to automate model inputs/outputs and enable data-driven products. Azure Data Platform Integration Develop and orchestrate data workflows using Azure Data Factory, Azure SQL, Synapse Analytics, and Blob Storage. Ensure the scalability and operational stability of data processes running in the Azure cloud. Data Quality & Governance Implement data validation, testing, and monitoring across pipelines to maintain trust in critical datasets. Follow internal data governance and compliance policies including HIPAA and CCPA requirements. Collaboration & Continuous Imp"",""['sql', 'azure', 'machine learning', 'data warehouse']"""
"fMRI Data Analyst,University of Pennsylvania,""Philadelphia, PA"",https://www.linkedin.com/jobs/view/fmri-data-analyst-at-university-of-pennsylvania-4224367692,""University OverviewThe University of Pennsylvania, the largest private employer in Philadelphia, is a world-renowned leader in education, research, and innovation. This historic, Ivy League school consistently ranks among the top 10 universities in the annual U.S. News & World Report survey. Penn has 12 highly-regarded schools that provide opportunities for undergraduate, graduate and continuing education, all influenced by Penn’s distinctive interdisciplinary approach to scholarship and learning. As an employer Penn has been ranked nationally on many occasions with the most recent award from Forbes who named Penn one of America’s Best Large Employers in 2023.Penn offers a unique working environment within the city of Philadelphia. The University is situated on a beautiful urban campus, with easy access to a range of educational, cultural, and recreational activities. With its historical significance and landmarks, lively cultural offerings, and wide variety of atmospheres, Philadelphia is the perfect place to call home for work and play.The University offers a competitive benefits package that includes excellent healthcare and tuition benefits for employees and their families, generous retirement benefits, a wide variety of professional development opportunities, supportive work and family benefits, a wealth of health and wellness programs and resources, and much more.Posted Job TitlefMRI Data AnalystJob Profile TitleSpecialist, Clinical DataJob Description SummaryThis position is for someone with experience in neuroimaging analysis. We are looking for someone to help us develop an analysis pipeline for fMRI data collected in patients with disorders of consciousness, and to conduct research on cutting edge fMRI applications.Job DescriptionThis position is for someone with experience in neuroimaging analysis. We are looking for someone to help us develop an analysis pipeline for fMRI data collected in patients with disorders of consciousness, and to conduct research"",[]"
"Junior Benefit Data Analyst,Jobright.ai,""Philadelphia, PA"",https://www.linkedin.com/jobs/view/junior-benefit-data-analyst-at-jobright-ai-4282084163,""Jobright is an AI-powered career platform that helps job seekers discover the top opportunities in the US. We are NOT a staffing agency. Jobright does not hire directly for these positions. We connect you with verified openings from employers you can trust.Job Summary:Beneration is a fast-growing startup transforming the employee benefit industry with innovative financial technology solutions. The Benefits Data Analyst will focus on collecting and analyzing employee benefits data to ensure accuracy and compliance, while also collaborating with various teams to enhance the company's software and reporting processes.Responsibilities:• Collect health insurance invoices and convert invoice data into the appropriate format for use in Beneraton’s software.• Collect and import client Benefits Administration (HRIS) data into our proprietary software to be compared against the client’s employee benefit carrier invoices.• Generate reports for employee benefits such as life, disability, and worksite benefits, ensuring accuracy and compliance with client agreements.• Analyze benefits data to identify discrepancies, trends, and areas for improvement.• Technical client onboarding - Work with the onboarding/renewal team to complete the technical onboarding and generate the first set of reports for new clients and during annual renewal when significant changes are made to their benefit offerings.• Client training - Partner with the client facing team-members when advanced client training sessions are necessary to help clients understand and utilize our reports.• Collaborate with RPA (Robotic Process Automation) teams to automate data collection, processing, and reporting tasks.• Communicate with carriers and/or health insurance brokers to ensure that our client receive their invoices in a timely manner when invoices are unavailable.• Work with our Product team to give feedback on the software and to improve methods for communicating findings to clients and support their decision-ma"",[]"
"Sr. Analyst, Enterprise Analytics,Comcast,""Philadelphia, PA"",https://www.linkedin.com/jobs/view/sr-analyst-enterprise-analytics-at-comcast-4281836176,""Comcast brings together the best in media and technology. We drive innovation to create the world's best entertainment and online experiences. As a Fortune 50 leader, we set the pace in a variety of innovative and fascinating businesses and create career opportunities across a wide range of locations and disciplines. We are at the forefront of change and move at an amazing pace, thanks to our remarkable people, who bring cutting-edge products and services to life for millions of customers every day. If you share in our passion for teamwork, our vision to revolutionize industries and our goal to lead the future in media and technology, we want you to fast-forward your career at Comcast.Job SummaryResponsible for working cross-functionally to collect data and develop models to determine trends utilizing a variety of data sources. Retrieves, analyzes and summarizes business, operations, employee, customer and/or economic data in order to develop business intelligence, optimize effectiveness, predict business outcomes and decision-making purposes. Involved with numerous key business decisions by conducting the analyses that inform our business strategy. This may include: impact measurement of new products or features via normalization techniques, optimization of business processes through robust A/B testing, clustering or segmentation of customers to identify opportunities of differentiated treatment, deep dive analyses to understand drivers of key business trends, identification of customer sentiment drivers through natural language processing (NLP) of verbatim responses to Net Promotor System (NPS) surveys and development of frameworks to drive upsell strategy for existing customers by balancing business priorities with customer activity. Has in-depth experience, knowledge and skills in own discipline. Usually determines own work priorities. Acts as resource for colleagues with less experience.Job DescriptionCore ResponsibilitiesWorks with business leaders and stakeho"",['nlp']"
"Business Systems Analyst,Mondo,""Philadelphia, PA"",https://www.linkedin.com/jobs/view/business-systems-analyst-at-mondo-4269923623,""We’re hiring a Business Systems Analyst (BSA) to support the implementation of a new visitor management system for a hospital network in the Philadelphia area. This is a high-impact role on a project that touches over 100 locations and integrates with critical systems like EMR and ERP platforms.You’ll work directly with internal stakeholders, the implementation vendor, and front-line teams to gather requirements, validate workflows, support testing, and guide go-live planning.What You’ll DoCollaborate with vendor and hospital teams to gather and document requirementsMap and validate visitor workflows across multiple departmentsAssist in system testing, UAT, and onsite validationSupport integration efforts with EMR (e.g., EPIC) and ERP (e.g., Workday)Train or support the training of end users and front-desk staffTroubleshoot hardware/software issues during go-live (e.g., scanners, printers, ID verification)Must-Have Skills5+ years as a Business Systems Analyst in healthcare or regulated environmentsExperience with software implementation projects (ideally visitor management or security systems)Strong background in workflow documentation, validation, and process mappingExperience coordinating with vendors, clinical teams, and technical staffFamiliarity with EMR/ERP systems (e.g., EPIC, Workday)Nice-to-HavesExperience with visitor/badge management systemsExposure to cloud-based security platforms or identity managementUnderstanding of healthcare compliance & visitor protocolsWhy Join?Work with a hospital on a high-visibility, multi-site rolloutHybrid role with limited onsite requirementsCompetitive W2 pay and full benefitsFast-moving interview process (start early August!) Show more Show less"",[]"
